user,gender
Fank,Null
nickskalkin,Null
CLAassistant,Null
nilo19,Null
wtfsayo,he/him
spbolton,Null
deepracticexs,he/him
ChrisRackauckas,he/him
mercierv,Null
vinteo,Null
gianniskotsas,Null
AtlantisPleb,Null
partouf,Null
tphakala,Null
robobun,Null
benfdking,Null
gabadi,Null
legion2002,Null
soumith,Null
pytorchmergebot,Null
Big-Iron-Cheems,Null
odilitime,Null
dracic,Null
ruvnet,Null
parruda,Null
mattgodbolt,he/him
rlmsinclair,he/him
syndicate604,he/him
yoshiko-pg,Null
haya14busa,Null
steipete,he/they
AutoGPT-Agent,Null
mshinwell,Null
lmeyerov,Null
coveralls,Null
tommy-ca,Null
wardpeet,Null
tomohisa,he/him
cmungall,he/him
twhetzel,she/her
nicolevasilevsky,Null
mldangelo,Null
daryllimyt,Null
jhurray,Null
manmal,Null
Rikki-Zero,Null
SengokuCola,Null
xerial,Null
andrewleech,Null
lindy65,Null
mm-cloud-bot,Null
thchr,Null
thdxr,Null
RevenueCat-Danger-Bot,Null
cockroach-teamcity,Null
satococoa,Null
bcallender,he/him
obie,Null
MervinPraison,Null
mikkihugo,Null
bradymiller,Null
miteshashar,Null
stgraber,he/him
intellectronica,she/her
iduartgomez,he/him
sanity,Null
harupy,he/him
DDunc,Null
thomaseizinger,Null
krzemienski,Null
peterdeme,Null
temujin9,Null
jonallured,Null
k8s-ci-robot,Null
k8s-infra-cherrypick-robot,Null
facebook-github-bot,Null
belladoreai,Null
dragon-ai-agent,they/them
LLFourn,Null
lhotari,Null
otoolep,Null
srinathsetty,Null
asdacap,Null
JonnyBurger,Null
PureWeen,Null
MikePopoloski,Null
JoshLove-msft,Null
Lulalaby,she/her
tnaum-ms,Null
T-Gro,Null
simongdavies,Null
joshfree,he/him
Wwwsylvia,she/her
BillWagner,he/him
l0lawrence,Null
lastmjs,Null
haydenbleasel,he/him
elbruno,he/him
jeroenterheerdt,Null
jgbradley1,Null
javiercn,Null
nddq,he/him
mvdicarlo,Null
jcstein,he/him
jongio,Null
vs-mobiletools-engineering-service2,Null
GiveMe-A-Name,Null
meganrogge,Null
jeremymeng,Null
nohwnd,he/him
dylan-smith,Null
danmoseley,Null
jmuziki,Null
shaypal5,he/him
gewarren,Null
Apollon77,he/him
JamesNK,Null
Saadnajmi,Null
brianrob,Null
NewFuture,Null
markets,Null
sordonia,Null
madskristensen,Null
hyperupcall,he/him
alexandrudanpop,Null
Alan-Jowett,Null
m-redding,Null
fepegar,he/him
marrobi,Null
geoffw0,he/him
AkihiroSuda,Null
jakebailey,he/him
flanakin,he/him
kavishdevar,he/him
iscai-msft,Null
eagerterrier,Null
nsano-rururu,Null
justinchuby,Null
splincode,Null
janiskelemen,Null
LiliDeng,Null
squirrelsc,Null
abonie,Null
nixel2007,he/him
shueybubbles,Null
scriptsengineer,Null
osortega,Null
mitchdenny,he/him
davidfowl,Null
aleksander-dytko,he/him
mo-esmp,he/him
edomt,Null
DonnieBLT,Null
am11,Null
AlexanderSehr,Null
francinelucca,Null
shuaitian-git,Null
raphaelmansuy,Null
JMBeresford,Null
Tyriar,Null
NikolajBjorner,Null
maxcold,Null
elasticmachine,Null
radical,Null
sshaw,Null
rfjakob,Null
anupriya13,she/her
ci010,Null
sybrew,Null
benwbrum,Null
bamurtaugh,Null
cpholguera,Null
BernieWhite,he/him
callicles,he/him
iancooper,Null
marcpopMSFT,Null
jonnyry,Null
andrewlock,Null
joperezr,he/him
vanzue,he/him
pelikhan,Null
benhillis,Null
jkwak-work,he/him
rossbulat,Null
HyperLife1119,he/him
andrewbranch,he/him
tomaszczura,Null
liliancavalet,she/her
backport-action,Null
cmur2,Null
wolfv,Null
sheiksyedm,Null
MSNev,Null
mattleibow,Null
escopecz,Null
jnavila,Null
chiaramooney,Null
vineethkuttan,he/him
lukasoppermann,he/him
ulugbekna,Null
B-Step62,he/him
cijothomas,he/him
abremard,Null
captainsafia,she/her
csegarragonz,he/him
ppenna,he/him
zimnx,Null
KarishmaGhiya,Null
lalitb,Null
mattchenderson,Null
matiasgarciaisaia,Null
mitelg,he/him
vienthuong,he/him
Enter-tainer,Null
andrewconnell,he/him
bewithgaurav,Null
vczh,Null
darcyclarke,Null
avifenesh,Null
Pierrci,Null
julien-c,Null
droidmonkey,Null
lukekarrys,he/him
ReneWerner87,he/him
weboko,Null
toby,Null
RyanCavanaugh,he/him
TomeHirata,Null
wtgodbe,Null
syntactically,Null
lawrencegripper,he/him
thsparks,he/him
jeffhandley,he/him
yegor256,Null
weshaggard,Null
Dunqing,Null
kellyelton,Null
codecov-commenter,Null
xiaoyu-work,Null
devang-ml,Null
akshay-gupta7,Null
six7,he/him
ericstj,Null
gabek,he/him
bryanedds,Null
afourney,Null
joshspicer,he/him
lostintangent,he/him
CppCXY,Null
Frityet,he/him
shiosyakeyakini-info,Null
Manav-Aggarwal,Null
mikhailshilkov,Null
Tankilevitch,Null
jonas-eschle,he/him
matthewige,Null
ekzhu,Null
MarekM25,Null
anthonykim1,Null
szhorvat,Null
ntamas,he/him
bpasero,he/him
tonybaloney,he/him
aishwaryabh,Null
tankerkiller125,Null
alexr00,Null
lszomoru,Null
live1206,Null
tomhrr,Null
chr-hertel,he/him
trask,he/him
msiebert,Null
rmarinho,Null
josix,Null
lgallard,Null
bt-justtrack,Null
pavelsavara,Null
Evangelink,Null
ThomsonTan,Null
meagancojocar,Null
baronfel,he/him
vhvb1989,Null
JudahGabriel,Null
14790897,he/him
grendello,Null
MrHinsh,Null
benbalter,he/him
Pawank-MSFT,Null
IEvangelist,he/him
sgb-io,he/him
yufeih,Null
filzrev,Null
kristapratico,Null
liveans,he/him
rads-1996,Null
rach-id,Null
praveenkuttappan,Null
mikeagun,Null
239573049,Null
markjbrown,Null
philnach,Null
Transis-Pedro,Null
git-hulk,Null
CarGuo,Null
kamilprz,Null
csyonghe,Null
commjoen,Null
KrzysztofCwalina,Null
SamsamTS,Null
KlausLoeffelmann,he/him
tnorling,Null
nandyalu,he/him
vltops,Null
antontanderup,Null
cprecioso,he/him
stuartpa,Null
Giorgi,he/him
thiennn,Null
HariniMalothu17,she/her
tadelesh,Null
Sembauke,Null
SigureMo,meow
KalleOlaviNiemitalo,Null
chlowell,Null
LarryOsterman,Null
spboyer,Null
mrm9084,Null
andaryjo,Null
benoit160,Null
boolforge,Null
DrHazemAli,he/him
mattkur,he/him
reqyou,Null
thomasht86,Null
pulumi-bot,Null
crutkas,Null
deluan,Null
picatz,Null
333fred,he/him
aasimkhan30,Null
messense,Null
GMPrakhar,Null
maddymontaquila,she/her
christianhelle,Null
aaronpowell,he/him
veeam-denis,Null
CarnaViire,she/her
tbennun,Null
jsturtevant,Null
kennykerr,Null
bhavanesh2001,Null
tobio,Null
arnaudlh,Null
kshitij-microsoft,Null
mlinksva,Null
entangled90,he/him
Karlie-777,Null
rbtr,he/him
gramalingam,Null
ShaunLawrie,Null
RubenCerna2079,Null
jkotas,Null
jfversluis,he/him
DaveSkender,Null
LilyWangLL,Null
Dimi1010,he/him
kibanamachine,Null
ogenstad,Null
denisgcm,Null
cmwaters,Null
unbug,Null
debs-obrien,she/her
adameat,Null
Youssef1313,Null
weidongxu-microsoft,Null
levno-710,Null
stephentoub,he/him
KilledByAPixel,he/him
shimwell,Null
ruyadorno,he/him
jpayne3506,Null
dthaler,Null
ilonatommy,Null
swathipil,she/her
ArcturusZhang,Null
benbp,he/him
jkodroff,he/him
cnupy,Null
sinedied,Null
teolemon,he/him
AArnott,Null
jackgerrits,he/him
vaheminasyan2,Null
scrutinizer-notifier,Null
v-dirichards,she/her
KarlErickson,he/him
FabienTschanz,Null
jsuarezruiz,he/him
fishcharlie,Null
xiyaowong,Null
Rugvip,Null
amunger,he/him
sfmskywalker,Null
andrew-welker,Null
nikolaydubina,Null
sebastienros,Null
AliAkhtari78,Null
barmac,he/him
Choza-rajan,Null
eyusufatik,Null
foxminchan,he/him
samdark,Null
CyrusNajmabadi,Null
anuchandy,Null
stefankoegl,Null
slister1001,Null
karianna,he/him
ggarber,Null
qiaozha,Null
mconnew,he/him
Jabolol,Null
h-a-n-a,he/him
richlander,Null
MiYanni,Null
evan-forbes,Null
PaulAndersonS,Null
pamelafox,she/her
jonathanpeppers,Null
hairyhum,Null
ruibaby,he/him
reneschulte,Null
epsi1on,Null
eliangcs,Null
FokkeZB,Null
pancake-tongs,Null
YuliiaKovalova,Null
matouskozak,Null
keithzg,Null
sashahilton00,Null
YutMarma,Null
Zadag,Null
tcaddy,Null
Ljzd-PRO,Null
PawelWMS,Null
GilboaAWS,Null
smalis-msft,he/him
oliversalzburg,he/him
MarvinKlein1508,he/him
dvoituron,Null
AlexEMG,Null
CuteReimu,Null
drewrelmas,he/him
sourabh1007,Null
kirankumarkolli,Null
jjgriff93,Null
rochacbruno,he/him
msyyc,Null
MaryGao,Null
vnbaaij,he/him
martins0n,Null
martypitt,Null
kaizhangNV,Null
chanezon,Null
kgodara912,Null
jsquire,he/him
typescript-bot,Null
Myriad-Dreamin,Null
adamint,he/him
aradalvand,Null
jveitchmichaelis,he/him
bw4sz,he/him
lenaschoenburg,she/her
jsharpe,Null
acoates-ms,Null
cincuranet,Null
joelrosario,Null
leighmcculloch,he/him
jhendrixMSFT,Null
timovv,Null
lukaszgryglicki,he/him
ludeeus,Null
lewing,Null
aavetis,Null
vcolin7,Null
40l9,Null
AsafMah,Null
kiview,he/him
arturcic,Null
scbedd,Null
yuxiang-wen,Null
jiripolasek,Null
zadjii-msft,Null
spixy,Null
Caroline-99,Null
husseinmozannar,Null
YusukeHirao,Null
PupilTong,Null
jairmyree,Null
dargmuesli,Null
christothes,Null
dosumis,Null
dtbuchholz,Null
heavy-d,Null
shige,Null
ezyang,Null
transphorm,Null
roryaronson,Null
ungerts,Null
owidbot,Null
nektro,she/her
pavpanchekha,Null
mnwhite,Null
anyacherniss,Null
Helw150,Null
smk762,Null
patmmccann,Null
camilasan,Null
mgallien,Null
Rello,Null
leerob,Null
logancyang,Null
toyamarinyon,Null
PichuChen,Null
rayshobby,Null
salbahra,Null
simonw,Null
hmellor,Null
claudfuen,Null
paulclindo,he/him
anton-trunov,he/him
novusnota,hee/hee
sixcolors,Null
dkrivoruchko,Null
alehander92,Null
steveruizok,Null
dkundel-openai,he/him
parseplatformorg,Null
pu2clr,Null
creatorrr,wait/what
rgerhards,Null
alexthuth,Null
kurdin,Null
jimpo,Null
dot-agi,he/him
lollipopkit,she/her
jychp,Null
achantavy,Null
pierrevalade,Null
Pistus,he/him
EricLBuehler,Null
sempervictus,Null
sanjushahgupta,she/her
CharlVS,Null
Henry-E,Null
ksw2000,Null
rxaviers,Null
bolinfest,Null
DTTerastar,Null
jacekzimonski,Null
guillaq,Null
nazreen,Null
djwhitt,Null
kolaente,he/him
takenagain,Null
binarybaron,he/him
Jarred-Sumner,Null
kravetsone,Null
sshane,py/thon
filipchristiansen,Null
MrFlounder,Null
willzeng,Null
natestemen,Null
paulpv,Null
aliaksandr-kazarez,Null
i-love-neko-girls,Null
dangelo,Null
conico974,Null
nicarq,Null
geohot,Null
patrick-ogrady,Null
MH4GF,Null
tamnd,Null
typpo,Null
Jhalaas,Null
josharian,Null
StephenDev0,Null
mtrezza,Null
vitarb,Null
zuiderkwast,Null
timlenardo,Null
abduld,Null
JeanMeijer,he/him
jsilvela,Null
McoreD,Null
jillesvangurp,Null
danieliser,Null
pardeike,Null
amorey,Null
tyler-dane,Null
jgur-psyops,Null
tjbck,Null
Pwuts,Null
intx82,Null
areibman,Null
bobzhang,Null
Sir-Will,Null
Swiftyos,Null
joulei,Null
Electroid,Null
robinkarlberg,vi/vim
carlsverre,he/him
johnrachwan123,Null
hmdne,Null
janek26,Null
clusterzx,it/nerd
FFroehlich,he/him
sobychacko,Null
igormq,he/him
dlwh,he/him
PierreGode,he/him
owenchak-oai,Null
lalalune,Null
rickwierenga,Null
nedru004,Null
modularbot,Null
sergioxro,Null
sunner,he/him
CX330Blake,he/him
HuggingFaceDocBuilderDev,Null
AenBleidd,he/him
hannesrudolph,he/him
vasudevgupta31,Null
MischaPanch,Null
kunaals,he/him
natolambert,Null
RobHofmann,Null
spacerokk,Null
ilyabo,Null
AlexKarpov98,Null
tssweeney,Null
benceruleanlu,Null
comfyui-wiki,Null
zanieb,they/them
konstin,he/him
ericnakagawa,Null
kelson42,Null
bbenz,Null
ifbyol,Null
jLopezbarb,Null
codyjlandstrom,Null
TiBianMod,Null
moose-code,Null
DZakh,Null
gaby,he/him
sledigabel,Null
rnorth,Null
Producdevity,he/him
greglg45,Null
DeckerSU,Null
ColinPeppler,Null
RTLS,Null
marsninja,Null
gcarleo,Null
PhilipVinc,Null
lzell,Null
LukaGiorgadze,he/him
sam-goodwin,Null
michaelneale,Null
devsergiy,Null
ihrpr,Null
engycz,Null
coreyward,he/him
lanewei120,Null
unclecode,Null
Wzixiao,Null
cvt8,he/him
DrahtBot,Null
kenkendk,Null
drewstone,Null
Brendonovich,he/him
sebastianwessel,Null
tynes,Null
jdereg,Null
HarelM,Null
nnielzz,Null
MrBartusek,he/him
galatanovidiu,Null
shrisukhani,Null
ThomasDelsart,Null
BioCam,Null
Jameswlepage,Null
gvozdvmozgu,Null
halduaij,Null
danbev,Null
IanHollow,he/him
shikhar,Null
Jonas-Sander,Null
nilsreichardt,he/him
wladimiiir,Null
greinacker,Null
christian-byrne,Null
jnsdls,Null
mellodev,he/him
marcelroed,he/him
itsababseh,Null
MananTank,Null
FrozenPandaz,Null
sklein12,Null
sooperset,Null
DarioGii,Null
saracarl,she/her
nikitabobko,Null
grothkopp,Null
dgirardi,Null
MaestroError,Null
wwood,Null
SerCeMan,Null
TimDiekmann,Null
schickling,he/him
bksaiki,Null
AlexGStapleton,Null
pokey,he/him
opgitgovernance,Null
nonsense,Null
KarinaMilet,Null
criccomini,Null
brayniac,Null
sandrohanea,Null
TheSCREWEDSoftware,Null
danfhernandez,Null
agallardol,he/him
robbederks,Null
ajsutton,he/him
ntBre,Null
chenmoneygithub,Null
corneliusroemer,he/him
ThouCheese,Null
rymdbar,Null
oconnor663,Null
falkoschindler,Null
rodja,he/him
adeebshihadeh,Null
estruyf,Null
j4mie,Null
PedramNavid,Null
pablo-mayrgundter,Null
ikamensh,Null
Akasxh,he/him
SimeonEhrig,Null
psychocoderHPC,Null
fwyzard,Null
servedsmart,Null
janves,Null
thomascamminady,Null
poovamraj,Null
bwoolcott,Null
trevorcreech,Null
jwnys,Null
Iamshankhadeep,Null
eepMoody,Null
scosman,he/him
jamesgpearce,Null
pmenglund,Null
pottekkat,Null
djudjuu,Null
dagnelies,Null
gmercey,Null
aryairani,Null
hojberg,Null
mitchellwrosen,he/him
robbie-c,Null
Gumichocopengin8,Null
watany-dev,Null
bioshazard,Null
karakanb,Null
mrwadams,Null
davoclavo,Null
leonardmq,Null
g-mason0,Null
wei,Null
okhat,Null
WrathofGod,Null
sserrata,Null
Trouffman,he/him
Kvadratni,Null
zanesq,Null
TestingPlant,Null
ArneTR,Null
ribalba,he/him
seratch,he/him
lee-at-zoo-corp,Null
robertgshaw2-redhat,Null
ds300,Null
TethysPlex,he/him
sberan,Null
egelhaus,he/him
vpisarev,Null
s-trinh,Null
RiskyMH,Null
jinek,he/him
bits-bot,Null
gshiva,Null
Bentlybro,Null
gravity-ui-bot,Null
jayohms,Null
mgoin,Null
koculu,Null
raycastbot,Null
salman1993,Null
ramedina86,Null
nirvn,Null
mlsmaycon,Null
abiteman,Null
MagMueller,he/him
dirtysalt,he/him
samwillis,Null
kopekC,Null
michellewzhang,Null
jas-kas,she/her
hipsterusername,Null
nf-core-bot,Null
mydea,Null
aldinokemal,he/him
bruno-garcia,Null
ryan953,Null
timmo001,Null
daniel-lxs,he/him
x-stp,Null
Overtorment,Null
GladosBlueWallet,Null
junderw,Null
princechaddha,Null
MaxKless,Null
mingxin-zheng,Null
constantinidan,Null
axiomofjoy,Null
buenaflor,Null
dcramer,he/him
charlesBochet,Null
jmoseley,Null
EvanBoyle,Null
metamaskbot,Null
wzdavid,Null
BlueFalconHD,Null
RogerHYang,Null
mertunsall,Null
AbhiPrasad,he/him
anshbansal,Null
hsheth2,Null
marcklingen,Null
anhtaw,Null
limpbrains,Null
mifi,Null
BYK,he/him
snigdhas,Null
paulgessinger,Null
Kitenite,he/him
markokraemer,Null
lakshaybhushan,he/him
bobbrow,Null
talboren,Null
rohan-at-sentry,he/him
mrubens,Null
Evyatar108,Null
rubiojr,he/him
billyvg,Null
mikeldking,he/him
schiller-manuel,Null
jdx,Null
chargome,Null
skykongkong8,Null
mimecuvalo,Null
romtsn,Null
mishushakov,Null
louis030195,he/him
coolguyzone,he/him
sfanahata,Null
alorbach,Null
ZavaruKitsu,Null
quintesse,Null
maxandersen,Null
KyleTryon,he/him
idoshamun,Null
Rohit3523,he/him
diegolmello,he/him
jaffrepaul,Null
dmpetrov,Null
geclos,Null
szokeasaurusrex,Null
mfts,Null
ArthurSens,he/him
tribhuwan-kumar,he/him
joaoviana,he/him
VIKTORVAV99,he/him
ogabrielluiz,Null
dustin-decker,Null
DatGuyJonathan,Null
evanpurkhiser,Null
noahsmartin,Null
shreyashankar,Null
MatissJanis,Null
Arenukvern,he/him
TodePond,Null
AmarTrebinjac,Null
rebelchris,Null
dune-eng,Null
yannbu,he/him
revan-zhang,Null
marliessophie,Null
myungjoo,Null
tomiir,Null
ian-at-airbyte,he/him
echeadle,Null
bhancockio,Null
joaomdmoura,Null
ukint-vs,Null
slavingia,Null
matttenick,Null
JacobBarthelmeh,Null
shreysingla11,Null
hoshinotsuyoshi,Null
whitphx,Null
gabriel-aranha-cw,Null
davidgomes,Null
rafaelsideguide,Null
NoritakaIkeda,Null
scsmithr,Null
mplachta,Null
lucasgomide,Null
anikdhabal,Null
MayaRainer,Null
mathio,Null
vdaas-ci,Null
sharnoff,they/them
aaronsteers,he/him
jxnl,Null
retrogtx,Null
saturday06,Null
adhami3310,he/him
mdmohsin7,he/him
Trisfald,he/him
shreyan-gupta,Null
beastoin,he/him
yamadashy,Null
wolfSSL-Bot,Null
tokoroten,Null
nasuka,Null
N2D4,Null
nitzanyiz,Null
guenp,Null
Hugo0,Null
harjotgill,Null
tegnike,Null
binary-koan,Null
TheCactusBlue,any
eunjae-lee,he/him
fenilfaldu,Null
mtcolman,Null
ccoVeille,he/him
danieltprice,he/him
kitallis,he/him
mscolnick,Null
nickbalestra,Null
dgarske,Null
penguine-ip,Null
arein,Null
rrdd,Null
riderx,he/him
scopsy,Null
outtanames,Null
tobimori,he/him
Dwij1704,Null
jc26,Null
mtane0412,Null
limichange,Null
olerichter00,Null
damassi,Null
moshemorad,Null
ryoppippi,he/him
wezell,Null
dcolina,Null
CoderGamester,he/him
sfreudenthaler,Null
rolyatmax,Null
IvanYashchuk,Null
lezcano,Null
albanD,Null
FunamaYukina,Null
MohamedBassem,Null
periklis,Null
MounirDhahri,he/him
brainbicycle,Null
anandaroop,Null
jerome3o-anthropic,he/him
JayShortway,Null
ajpallares,he/him
tonidero,Null
JonasKruckenberg,he/him
jacob314,Null
rtjoa,Null
jdotcms,Null
PGNetHun,he/him
DonKoko,Null
chandrasekharan-zipstack,Null
JamesHenry,Null
serena-ruan,Null
cliffhall,he/him
Technoboy-,Null
coderzc,Null
vwxyzjn,he/him
jamilbk,Null
Anima-t3d,Null
barry800414,Null
eliecharra,he/him
zeeshaan-ai,Null
pab1it0,Null
feiskyer,Null
yuzefovich,Null
petermattis,Null
sjm41,Null
nickfarrow,Null
AIC-HMV,Null
laske185,he/him
externl,Null
benaadams,Null
JonathanCrd,he/him
nihui,Null
Nugine,he/him
joshblack,he/him
bradymholt,Null
joelhawksley,he/him
gbjk,Null
shazbert,Null
esc,Null
DonJayamanne,Null
shizhMSFT,Null
mrsharm,Null
marklio,Null
nibanks,he/him
frontsideair,he/him
MihaZupan,he/him
AlCalzone,Null
mandel-macaque,Null
arktoswb,Null
adrianwright,Null
mattwang44,he/him
offbyone,he/him
iomekam,Null
SimaTian,Null
orangewise,Null
koevskinikola,Null
mperrotti,he/him
mk-armah,he/him
pksjce,Null
hg-pyun,Null
weikanglim,Null
smathermather,he/him
paldepind,he/him
samuael,Null
thrasher-,Null
MSBrett,Null
tzdybal,Null
jarcherNV,Null
whyoleg,he/him
dlevy-msft-sql,Null
baynezy,Null
hi-ogawa,Null
rvagg,Null
BigLep,Null
ras0219-msft,Null
pankajagrawal16,he/him
cau-git,Null
aidanfnv,Null
szihs,Null
hundredacres,Null
andyleejordan,they/them
JustinGrote,Null
refcell,Null
isaaccorley,Null
adamjstewart,Null
xingdi-eric-yuan,Null
matheper,Null
dalathegreat,Null
marcalff,Null
raineorshine,Null
FidelusAleksander,Null
niels9001,Null
Pikachuxxxx,he/him
rsese,Null
rainersigwald,Null
eiriktsarpalis,he/him
hemarina,Null
DrewScoggins,Null
weswigham,Null
yysun,Null
andyzhangx,he/him
oleksandr-kriuchenko-lohika,Null
maxdanilov,he/him
carsonRadtke,he/him
lmazuel,Null
matthias-k,Null
noahfalk,Null
OEvgeny,Null
dscho,they/them/he/him
iamAbhi-916,Null
JonathanGiles,he/him
alandtse,Null
gm3dmo,Null
adegeo,Null
Yoyokrazy,Null
Dimenpsyonal,she/her
Mandukhai-Alimaa,Null
oxisto,Null
abright25,Null
alexkutsan,Null
dvcrn,he/him
walldiss,Null
titaiwangms,Null
arthurclares,Null
daniellok-db,Null
leculver,Null
sapphi-red,he/him
ypc-faros,Null
sven-n,he/him
rSnapkoOpenOps,Null
shirasassoon,Null
rolznz,Null
brainkim,he/him
gargsaumya,Null
AndreaGriffiths11,she/her
ninabarbakadze,Null
jamesx-improving,Null
spaceluke,he/him
nobodyiam,Null
gtggy890m-spec,he/him
apoorvdeshmukh,he/him
jmeridth,Null
djeada,Null
nzakas,Null
Keldos-Li,Null
tarekgh,Null
Renegade334,Null
Jaysmito101,he/him
cmendible,Null
maxonfjvipon,Null
RichDom2185,he/him
sayomaki,Null
bwateratmsft,Null
deepthidevaki,Null
bernardnormier,Null
doggy8088,he/him
mike-lischke,he/him
MarcCote,he/him
albertoblaz,Null
tgummerer,he/him
foot,Null
maff,Null
haampie,Null
JeffreyCA,Null
ArielG-NV,Null
demunion,Null
lukhipolito-nexxbiz,Null
gtong-nv,Null
karolz-ms,Null
waldekmastykarz,Null
collinbarrett,he/him
Anush008,he/him
SenkjM,he/him
ElectNewt,Null
abernier,he/him
astafan8,Null
dubiety,Null
paulyuk,Null
kristenwomack,she/her
Marigold,Null
rolfbjarne,Null
akoeplinger,Null
chidozieononiwu,Null
eerhardt,Null
joeduffy,Null
NikCharlebois,he/him
PeterStaar-IBM,Null
ntrappe-msft,Null
NeilWJames,Null
oroztocil,Null
mjcheetham,he/him
JasonMendoza2008,Null
jorgerangel-msft,Null
lupino3,he/him
EdwinVW,Null
hubwriter,Null
megglos,he/him
mereta,Null
DanielRosenwasser,Null
v0l,10.0.0.0/8
JeremyKuhne,he/him
shugo,Null
richardpark-msft,Null
minestarks,Null
swernli,Null
harikrishnan83,Null
Skn0tt,he/him
aiday-mar,she/her
snnn,Null
shivammathur,Null
phschaad,he/him
robertsLando,he/him
weinong,Null
ryanzhang-oss,Null
dbczumar,Null
0xkarmacoma,he/him
blueww,Null
streamich,Null
jcouv,Null
TylerLeonhardt,he/him
remcowesterhoud,he/him
warting,Null
ankitjain235,Null
chrxh,Null
alfg,Null
jtracey93,he/him
eriqua,Null
bettse,he/him
alexvy86,Null
matthchr,Null
LaurentLesle,Null
mikeharder,Null
romansmirnov,Null
npepinpe,Null
martinlingstuyl,Null
g7ed6e,Null
OmidID,Null
aaronburtle,Null
peter-evans,Null
Berif92,Null
g2vinay,Null
matsui528,Null
benibenj,Null
tigercosmos,he/him
kfirpeled,Null
agrawaliti,she/her
SRodi,Null
Link-,he/him
kkraune,Null
mikekistler,Null
halter73,Null
wandergeek,Null
kemingy,Null
yury-s,Null
thomas-gerber,Null
bhollis,Null
jesserockz,Null
louwers,Null
inimaz,Null
samchon,Null
csmig,Null
lbussell,Null
ekaf,Null
thorsten,he/him
Frassle,Null
jtramm,Null
QxBytes,Null
SukkaW,Fox
shankarseal,Null
hoyosjs,he/him
zijchen,Null
johnpapa,Null
pshao25,Null
mdh1418,Null
RomanJRW,Null
dai-shi,Null
novinfard,Null
faurevid,Null
Arnab-Developer,he/him
Ph0enixKM,Null
QuadnucYard,Null
rootulp,he/him
toshimaru,he/him
antonfirsov,Null
jbrinkman,Null
LesnyRumcajs,Null
gtg922r,Null
ntrogh,he/him
rzikm,Null
cezudas,Null
vietnguyengit,Null
AaronRobinsonMSFT,Null
BenWilson2,he/him
dolfim-ibm,Null
voxpelli,Null
maorleger,Null
NihaNallappagari,Null
asafpamzn,Null
nicolas-raoul,Null
zivkan,Null
alexnick83,Null
Deterty88,Null
llali,Null
krlmlr,he/him
mOctave,Null
RiveraAndrea83,Null
mkeshavaNV,Null
pjohnst5,Null
thatmattlong,Null
peombwa,Null
michaeljolley,Null
mfrw,Null
lirenhe,Null
karthiknadig,he/him
segraef,Null
MMathisLab,she/her
jonthysell,he/him
tac0turtle,Null
FabianMeiswinkel,Null
cbleroibeukes,Null
langermank,she/her
abh,he/him
PranavSenthilnathan,Null
serhalp,he/him
gagb,he/him
matheusmaldaner,Null
xuri,Null
protikbiswas100,he/him
grayzu,Null
ethanwhite,he/him
henrykironde,Null
nikolapeja6,Null
aaudzei,Null
i2h3,she/her
james-gould,he/him
MaxtuneLee,he/him
wiboris,Null
masutaka,he/him
w-javed,Null
MicroFish91,Null
felicitymay,Null
mmurad2,Null
anthony-c-martin,Null
shenglol,Null
ThrudPrimrose,Null
softchris,Null
emako,Null
ajscholl,Null
camc314,Null
jamesmontemagno,he/him
balloob,Null
danielroe,he/him
joewagner,Null
mfreeman451,Null
PawelPeczek-Roboflow,Null
BLuEScioN,Null
devgony,Null
daniel-graham-amplitude,Null
dweindl,he/him
Zilinghan,he/him
dev-aipolabs,Null
saikrishnarallabandi,Null
KumoLiu,Null
MichaReiser,he/him
peter-jerry-ye,Null
acco,Null
eqy,Null
ngimel,Null
hathach,Null
ChristopherTrimboli,Null
karimMourra,Null
cschristine,Null
RehanY147,Null
sestinj,Null
ncolletti,Null
JosephSefara,Null
pernielsentikaer,he/him
LilithHafner,Null
dukebw,Null
WhenWen,Null
axelKingsley,Null
lk340,Null
pthmas,Null
sdgilley,Null
jayeshchoudhary,he/him
WoosukKwon,Null
zou3519,Null
will-holley,Null
sam-portia,Null
dstrodtman,Null
AYadrov,Null
deleonio,Null
ozzieba,Null
ArthurSonzogni,Null
sonallux,Null
jsnellbaker,Null
Austin1serb,he/him
zilto,Null
yungalgo,Null
IliaZyrin,Null
neutralino1,Null
WillNigel23,he/him
emdashcodes,she/her
St0rmBr3w,Null
ItsAdel,Null
190n,they/them
ericspod,Null
juliendenize,he/him
alpeb,Null
igor-amp,Null
ashkam58,he/him
YushengAuggie,Null
SamyPesse,he/him
emilyploszaj,Null
ethanglaser,Null
bmario,Null
da-beda,Null
chance-wnb,he/him
cratelyn,Null
aymeric-roucher,Null
jlquaccia,Null
claucambra,he/him
johannaSommer,she/her
Pradyum-Git,Null
majdyz,Null
njhill,Null
delacrixmorgan,Null
undsoft,Null
ShishkinDmitriy,Null
llcnt,Null
AHarmlessPyro,Null
artembilan,Null
BabyChouSr,Null
Wauplin,Null
petersutter,Null
mroth,he/him
dan-lee,Null
ensideanderson12,he/him
gtarpenning,Null
diogob,Null
ankurankan,Null
MohitMaliFtechiz,Null
pcuenca,Null
Vaibhavs10,he/him
niedbalski,Null
Madman10K,Null
LiZ-Li-BBL,Null
junkisai,he/him
Transurgeon,Null
denysbutenko,Null
sykhro,Null
pseudosavant,Null
percyliang,Null
HashEngineering,Null
ConnorYoh,Null
Andrei-hub11,he/him
robertthepie,Null
WatchTheFort,Null
themisvaltinos,Null
SeungjinYang,Null
Mercy811,Null
swamirishi,Null
walkline,Null
MarcAstr0,Null
dherman,he/him
mariocynicys,Null
danwalmsley,Null
kthoms,he/him
willingc,she/her
hugovk,Null
EWCunha,he/him
nielsenko,he/him
xlrx,Null
nickcastel50,Null
breynolds007,Null
d-aggarwal,she/her
carltongibson,he/him
efectn,Apache AH-64 üöÅ
pierremtb,he/him
Borda,he/him
dandavison,Null
augustjohnson,Null
tyranitar,Null
sh-rp,Null
dcq01,Null
leoafarias,Null
ivanagas,Null
leolabs,Null
Inphi,Null
buddhika75,he/him
jacktheboss220,he/him
rxinui,oss/dev
cirospaciari,Null
Bliod-Cook,Null
KAVYANSHTYAGI,he/him
stopachka,Null
bholcomb8,he/him
pront,Null
armenzg,Null
Litarnus,Null
dereklegenzoff,Null
philipphofmann,Null
hanspagel,Null
murphyatwork,Null
ArthurKnaus,he/him
shahargl,Null
kevin-dp,Null
psychedelicious,Null
TheMikeMerrill,Null
marclave,Null
chris-olszewski,he/him
phiSgr,Null
ejkorol,.json
sgomezvillamor,Null
kentcdodds,he/him
RyanHolstien,Null
david-leifker,Null
BugenZhao,he/him
stdrc,he/him
KyleAMathews,Null
treff7es,Null
denrase,Null
PaulAsjes,he/him
maryhipp,Null
codyde,Null
514Ben,Null
theishangoswami,Null
luoling8192,she/her
nlynzaad,he/him
Dav1dde,he/him
vgrozdanic,Null
markushi,Null
constantinius,he/him
sentrivana,she/her
sshanzel,Null
skynetigor,he/him
yanns,Null
akirillo,Null
hamishivi,Null
IrakliJani,Null
tonypls,he/him
groyoh,Null
jhheider,Null
JoshuaMoelans,he/him
cjus,he/him
dreadatour,Null
s1gr1d,she/her
kahest,Null
bhosmer-ant,Null
cathteng,Null
DonghakPark,Null
lucanovera,Null
sasamuku,Null
tjuanitas,Null
raphaelcosta,he/him
supalarry,Null
yfge,Null
hbjORbj,Null
azu,Null
Ryukemeister,Null
nickscamara,Null
heitorado,Null
CryogenicPlanet,Null
ianmacartney,Null
zhyd1997,he/him
oguzserdar,he/him
emrysal,Null
frostming,BentoML
nishio,he/him
sharang-d,Null
0xaguspunk,Null
Alek99,Null
jonathanpwang,Null
peterargue,Null
Guitarheroua,Null
ncoop57,Null
msakai,Null
ZeRego,Null
cprussin,Null
NilanshBansal,Null
karimodm,Null
LineIndent,Null
merolish,Null
Arachnid,Null
matiaslcoulougian,Null
lorenzejay,he/him
jeff-at-neon,Null
NanoBjorn,Null
ethanshar,Null
mogery,he/him
hand-dot,Null
hassan254-prog,Null
adids1221,Null
Programmer-RD-AI,he/him
natikgadzhi,he/him
takahiroanno,Null
sean-brydon,Null
mwbayley,Null
svapnil,Null
rmarescu,he/him
ershad,Null
JamesKovacs,he/him
ivanleomk,Null
ShadowArcanist,Null
theyueli,Null
Bodobolero,Null
qingyun-wu,Null
jancionear,Null
Udit-takkar,Null
martinnormark,Null
clarkbw,he/him
evantahler,Null
louisgv,Null
shgtkshruch,Null
mattinannt,Null
gupta-piyush19,he/him
lordsarcastic,he/him
joeauyeung,he/him
masenf,Null
erikgrinaker,Null
tejasbadadare,Null
guibescos,Null
spolu,Null
CTY-git,Null
bboynton97,Null
xrav3nz,Null
nanocloudx,Null
durkmurder,Null
viictoo,Null
pythonbyte,he/him
laugardie,Null
carlosabadia,Null
ali-behjati,Null
russdias,he/him
tristan957,Null
bgrenon,Null
dmadisetti,he/him
CTNicholas,Null
philip,Null
philljj,Null
arpad-m,Null
gfyrag,Null
aldogonzalez8,Null
marcosmarxm,Null
dbgold17,Null
Parva101,he/him
wacban,Null
AzibaAvor,they/them
laurgk,Null
jayantk,Null
TusharBhatt1,Null
PreciselyAlyss,she/her
zomars,Null
sedghi,he/him
micahstairs,Null
pandeymangg,Null
rumyantseva,she/her
ThyMinimalDev,Null
simplesagar,he/him
keithwillcode,Null
ololobus,Null
kumanoayumi,Null
laiso,he/him
michaellatman,Null
johnwlockwood,Null
RyanMarten,Null
rodireich,Null
lumtis,Null
xxchan,Null
keugenek,Null
CarinaWolli,Null
ashwin-ant,Null
matteogp,Null
embhorn,Null
akshayka,Null
Prat011,Null
blefnk,he/him
aslilac,she/her
pablonyx,Null
pugachAG,Null
greg-in-a-box,Null
rusXL,Null
happilyeverafter95,Null
problame,Null
smakosh,he/him
bnchrch,Null
picklelo,Null
benjaminshafii,Null
